Number_of_Records;Created_Time;Filter;Image_URL;latitude;Number_of_likes;Link;Location;longitude;number_of_Comments;Tags;Text;Username
1;26/10/2018 14:23;Clarendon;https://scontent.cdninstagram.com/vp/1b70f155cb6cc65cef983b53841887fd/5C892161/t51.2885-15/e35/s320x320/44241481_267466287240322_4199529352691868354_n.jpg;0;23;https://www.instagram.com/p/BpZkfxhHylo/;;0;4;boungissa,oncf,bestfriend,livingeasy,hawmiaw,smile,bestpeople,petitpain,coffee;The finest picture with the best friend and his colleagues at work ????? #boungissa #hawmiaw #oncf #bestfriend #bestpeople #smile #livingeasy #coffee #petitpain ??????;berrousoufiane
1;26/10/2018 10:41;Normal;https://scontent.cdninstagram.com/vp/fb486eb9c2388afc1fa3982c3a46da05/5C7DC5A8/t51.2885-15/e35/p320x320/43778503_492969964539967_7995187189177256104_n.jpg;0;49;https://www.instagram.com/p/BpZLIoTn7RB/;;0;0;agadir,oncf,meknes,marrakech,casa,morocco,tanger,rabat,oncfbaraka,sale,boycottoncf,boycott,fes;"#BoycottOncf
#ONCFbaraka
#morocco #rabat #fes #casa #tanger #agadir #marrakech #sale #meknes #boycott #oncf";douaeelarouch
1;26/10/2018 09:59;Normal;https://scontent.cdninstagram.com/vp/26f42450a17719c4d0649c7bca266a6b/5C6C1960/t51.2885-15/e35/p320x320/44741342_164763384472675_3420054098065058765_n.jpg;31,63032611;36;https://www.instagram.com/p/BpZGS6cB6K9/;Marrakech ?????;-8,016722158;3;oncf,kerala,morocco,gare,traveldairies,voyageurs,northafrica,journey,africa,connection,marrakesh,first,red,indian,time,wildcraft,arab;#Morocco # Train #ONCF #Marrakesh #red #gare #Voyageurs #Northafrica #Africa for the #first #time #journey #traveldairies #wildcraft #indian #kerala #arab #connection;spullur
1;25/10/2018 20:15;Hefe;https://scontent.cdninstagram.com/vp/fa7c9c138cb5c63e1fac0ec7b404dd93/5C7F22C7/t51.2885-15/e35/s320x320/43659202_562112647560616_8091591808682819584_n.jpg;0;47;https://www.instagram.com/p/BpXoBwYgDKg/;;0;3;???,morocco,????,oncf,rabatagdal,dosaindia;"Woman chat at Rabat station.

?????????????????????????

#dosaindia #???? #morocco #rabatagdal #oncf #???";dosaindia
1;25/10/2018 11:26;Normal;https://scontent.cdninstagram.com/vp/f40565680880e475b28b0bdb70ca0d87/5BD61CE6/t51.2885-15/e35/s320x320/43913360_252239755439966_7729067474791956480_n.jpg;0;5685;https://www.instagram.com/p/BpWq_p3BOL7/;;0;365;;".
. ?????? ?????? ????? ? ???? ???? ?? ???? ???? ???????? ?????? ???? ??????????????????????????????????
.
.
.
.
.
.
. . .
.";titizaofficial
1;24/10/2018 23:00;Clarendon;https://scontent.cdninstagram.com/vp/bd56eca3781626ebbeaf9ad8c19aa44f/5C4AD002/t51.2885-15/e35/s320x320/43363856_328309881286444_4780708037654253788_n.jpg;35,7614;27;https://www.instagram.com/p/BpVWJZdnXC-/;Tangier, Morocco;-5,8195;0;oncf,white,bershka,nike,nighttravel,deathtrain,train,sneakers,rabat;"If i die ???? I'm sorry luv u all 
Trust no one specially don't trust ONCF
#rabat #nighttravel #train #oncf #bershka #nike #sneakers #white #deathtrain";youssef.idder
1;24/10/2018 21:24;Normal;https://scontent.cdninstagram.com/vp/52869317c95ca475f0cbbb5c41fc5141/5C7EF6F7/t51.2885-15/e35/s320x320/43817394_490816044767720_7245977692641126746_n.jpg;32;10;https://www.instagram.com/p/BpVLFiTnzzv/;Morocco;-6;0;morroco,land,oncf,casablanca;"taking ONCF from Casablanca to Marrakech 
#oncf#morroco#casablanca#land";another_ripoon5
1;24/10/2018 18:36;Normal;https://scontent.cdninstagram.com/vp/d69d71f8284f82eb43e934f07ef60d8e/5C5407B0/t51.2885-15/e35/s320x320/43818192_607128366371860_6031616179511534827_n.jpg;31,6333;13;https://www.instagram.com/p/BpU31yWHPv2/;Marrakech;-8;5;oncf,???????????,??????????????????,???????,????,8???????,???????,marrakesh,morocco,????;"??????
???????????
#8??????? 
#???? 
#oncf 
#??????? 
#???????
#???? 
#?????????????????? 
#???????????
#morocco 
#marrakesh";yukiho26
1;24/10/2018 18:28;Normal;https://scontent.cdninstagram.com/vp/29037f815a4e50041ec9b826c42ff3de/5C4B9CFB/t51.2885-15/e35/s320x320/43985589_315492625712968_7699202282897428854_n.jpg;0;9;https://www.instagram.com/p/BpU2910lMjj/;;0;0;oncf,2k18,train,maroc,rip;"Penser au victimes du déraillement du train de @groupe_oncf 
Que leurs âmes repose en paix et condoléances au familles.
#train #oncf #maroc #rip #2k18";seby_vergara
1;23/10/2018 21:30;Normal;https://scontent.cdninstagram.com/vp/50957f063696e1f8c8a4de68b31fea1b/5C855B5F/t51.2885-15/e35/s320x320/44221458_291169688402282_9108270652867190180_n.jpg;0;2;https://www.instagram.com/p/BpSm9PtAP15/;;0;0;oncf,?????;"#oncf
#?????";benabad_abdes
1;23/10/2018 19:30;Normal;https://scontent.cdninstagram.com/vp/c1733d14bdfb3733b48dae0862efb164/5C6B1231/t51.2885-15/e35/s320x320/43984513_307649829829175_2438821789654972175_n.jpg;0;6;https://www.instagram.com/p/BpSZOuhglpg/;;0;0;casa,marocain,marocaine????,oncf,rabat,kenitra;"La knti dakhl mn recherche dkhel khbet s'abonner 
#marocain #marocaine???? #oncf #casa #rabat #kenitra";funnyfunyow
1;23/10/2018 17:24;Normal;https://scontent.cdninstagram.com/vp/f785f0df1508e32e507c343f8b17f526/5C863356/t51.2885-15/e35/s320x320/43094023_131903777776737_3659198790231888460_n.jpg;0;17;https://www.instagram.com/p/BpSK0d8lDgw/;;0;0;rabat,contrast,oncf,navette;"The end of the tunnel.. #oncf #rabat #navette #contrast 
March 2017";bouzandar
1;23/10/2018 16:55;Normal;https://scontent.cdninstagram.com/vp/474ab2c907e422271ddf306ac487eb3d/5C4C7557/t51.2885-15/e15/s320x320/43707920_132645234369457_6504768818527705995_n.jpg;0;1;https://www.instagram.com/p/BpSHg_rAyu1/;;0;1;ferroviaire,train,maroc,bouknadel,oncf,tnr,trainbouknadel;"Le #train roulait à 158 km/h.

@groupe_oncf @oncf  #ONCF #TNR #trainBouknadel #Bouknadel #ferroviaire #Maroc";challengemagazine
1;23/10/2018 12:31;Normal;https://scontent.cdninstagram.com/vp/acc93a17624a89cbeb2c0fbe3a67363c/5C644838/t51.2885-15/e35/s320x320/43060679_1592193087593694_3522552912677115066_n.jpg;0;5;https://www.instagram.com/p/BpRpWtZF3-Y/;;0;0;???????,letrain,????,?????_????,???,?????_???????,accidentes,oncf,??????,???????;"?????? ??
#?????_??????? #??????? #??? #?????? #?????_???? #??????? #????
#oncf #letrain #accidentes";soukainafaiimi
1;23/10/2018 12:16;Ludwig;https://scontent.cdninstagram.com/vp/7f642896c145adeb1ecfd22ce071a3f0/5C6AB242/t51.2885-15/e35/s320x320/43913522_2712636998960984_1100718860993058262_n.jpg;0;44;https://www.instagram.com/p/BpRnnr1AAY6/;;0;2;couleur,ausoleil,train,quai,lillemaville,oujdamaville,roulant,enballade,picoftheday,maroc,color,oujda,igersoujda,oncf;"Oujda 2018
#oujda #maroc #train #oncf #enballade #quai #roulant #color #couleur #ausoleil #picoftheday #lillemaville #igersoujda #oujdamaville";chmirek
1;22/10/2018 22:15;Clarendon;https://scontent.cdninstagram.com/vp/b23336b2386c1fb80a855301efdb9bd7/5BD6256B/t51.2885-15/e15/s320x320/43129892_390301841508437_4990148429721254187_n.jpg;0;6;https://www.instagram.com/p/BpQHU2Rns3U/;;0;0;???????,oncf;"?????? ???? ??? ???? ??? ????? ?? ?????? ? ?????? ?????? ??? ??????? ????? ?? ??????????? ????
#ONCF
#???????";pasrody
1;22/10/2018 12:28;Normal;https://scontent.cdninstagram.com/vp/46e2b2ad0f00c3efaa2d770b73408109/5C880BCB/t51.2885-15/e35/s320x320/43371545_881761705352257_7943233714494621214_n.jpg;0;17;https://www.instagram.com/p/BpPEOffgbQt/;;0;1;raysi?ma?,morocco,oncf,fas;"Geçti?imiz hafta #Fas’ta meydana gelen tren kazas?ndan dolay? büyük üzüntü duyuyoruz. RAYS?MA? olarak ba?ta kazadan etkilenen aileler olmak üzere tüm Fas halk?na içten ba?sa?l??? ve kazada yaralananlara acil ?ifalar diliyoruz.
#RAYS?MA? #ONCF #Morocco 
@groupe_oncf";trraysimas
1;22/10/2018 02:36;Gingham;https://scontent.cdninstagram.com/vp/fbd55c66305a712849e6990c9c0911b4/5C7F2B15/t51.2885-15/e35/s320x320/42851024_2254689134541242_529534846546962200_n.jpg;33,595538;34;https://www.instagram.com/p/BpOAbf3Hk95/;Casablanca, Morocco;-7,61446;2;happy,friendship,hair,mars,stone,casa,oncf,gooday,bleu,marocaine????,peace,travel,home,sea,football,sportive,art,feash,liverpool,style,autumn,sky,canada,relax,paris,love;#casa #oncf #sportive #friendship #sea #feash #sky #bleu #marocaine???? #stone #autumn #love #football #happy #gooday #art #canada #mars #paris #peace #hair #style #liverpool #home #relax #travel;khalidtiger10
1;20/10/2018 20:21;Normal;https://scontent.cdninstagram.com/vp/3417ce50cd4d69669fbffd8784a4d3ed/5C6A7B03/t51.2885-15/e35/s320x320/43023157_279963135972133_3494988243994718877_n.jpg;0;28;https://www.instagram.com/p/BpKwvykF4gK/;;0;3;c4d,vray,oncf,3d;#3D #C4D #VRAY #ONCF;abdelhaq_azzi
1;21/10/2018 19:12;Normal;https://scontent.cdninstagram.com/vp/9f991e0d0fa288e8880baa240d0a2375/5C6D64AD/t51.2885-15/e35/s320x320/43778513_278469716120131_8622852601492876459_n.jpg;31,63063339;524;https://www.instagram.com/p/BpNNknElzew/;Gare De Marrakech;-8,017053008;7;igtravel,reiselust,garedemarrakech,instatravel,beautifulplaces,visit_marrakesh,instapassport,oncf,visitmorocco,marrakesch,mytravelgram,travel,architecture,instamoments,sonyalpha,keepexploring,sonya7riii,getlost,marrakesh,passionpassport,morocco,marrakech,visitmarrakech,travelphotography,exploretheglobe,moroccotravel;"Gare De Marrakesh (Marrakesh Central Station)
---
#garedemarrakech
#ONCF
#marrakesh
#marrakech
#marrakesch
#morocco
#moroccotravel 
#visit_marrakesh 
#visitmarrakech
#visitmorocco 
#beautifulplaces
#exploretheglobe
#getlost
#igtravel
#instamoments
#instapassport
#instatravel
#keepexploring
#mytravelgram
#passionpassport
#reiselust
#travel
#travelphotography
#sonyalpha
#sonya7riii
#architecture
@groupe_oncf
@visit_marrakesh
@visit_morocco_
@visitmarrakechofficial";andreas_mariotti
1;21/10/2018 18:21;Normal;https://scontent.cdninstagram.com/vp/a7e8cb370626c7f09059da86788ae378/5C505691/t51.2885-15/e35/s320x320/43985586_362746741137300_5890649254255726600_n.jpg;0;208;https://www.instagram.com/p/BpNH04cjtR_/;;0;1;training,c,oncf,10,tour,lifestyle,ma;#oncf #lifestyle #10 #tour #ma #c #training;ichraqmz
1;21/10/2018 13:44;Normal;https://scontent.cdninstagram.com/vp/0f6e003f418d2f5d56a470af06a113d6/5C811D4A/t51.2885-15/e35/s320x320/43462016_346110679551033_6178669420682691266_n.jpg;0;61;https://www.instagram.com/p/BpMoIg0De7n/;;0;1;ctm,oncf,histoire,ona,car,maroc,morocco;"Histoire - ????????????En 1912, après la signature du traité de protectorat à Fès (ancienne capitale du Maroc) et l'abdication du Sultan Moulay Hafid, c'est Lyautey qui reprend la gestion du protectorat. 
Le Sultan Moulay Hafid a dû s'exiler du Maroc, c'est en France qu'il trouva son refuge (ainsi que son décès à Enghien-Les-Bains en 1937). Arrivé en septembre 1912 à Vichy, c'est lui qui s'occupa du transport de l'ex-Sultan et de sa suite. 
Dans le développement et la construction du Maroc moderne, Hubert Lyautey sollicita d'une part le gouvernement français pour l'inviter à investir dans des infrastructures au Maroc (rail, ports, routes, écoles, hôpitaux etc.) et s'intéressa aussi aux figures de la bourgeoisie française au moment de la naissance du capitalisme français. Ainsi, pour la bourgeoisie française, le Maroc paraissait comme un Texas aux portes de la France. 
Ainsi Lyautey invita Jean Epinat (industriel français né en 1877, il s'installa au Maroc en 1919) à réfléchir et étudier un programme de transports en commun pour le Maroc. 
Epinat proposa ainsi la candidature de son entreprise à  adjudication publique, pour équiper le Maroc avec des transports en commun. 
C'est en 1919, qu'Epinat et ses associés ont créer la Compagnie Général de Transport et de Tourisme (CGTT ou CTM). Jean Epinat était loin de se douter qu'il allait devenir le premier transporteur au Maroc et mieux encore que par la création de l'ONA il allait en faire le premier groupe industriel et financier privé du Maroc. 
Il céda ses parts de l'ONA à la Banque de Paris et des Pays-Bas (BNP Paribas), que finalement la famille royale marocaine décida de racheter l'ONA et d'en faire un groupe marocain. 
Quant à CTM, aujourd'hui, elle est le premier transporter routier au Maroc et indépendante de l'ONA.

#Maroc #Morocco #CTM #ONCF #Car #Histoire #ONA";discovery_moroccofr
1;21/10/2018 12:26;Normal;https://scontent.cdninstagram.com/vp/9477cc7083b96327f0fc4248da1226d4/5C87D056/t51.2885-15/e35/p320x320/43914185_316433492245493_4150679983637455220_n.jpg;0;25;https://www.instagram.com/p/BpMfGykFqNq/;;0;2;oncf;"#oncf katrj3 lzaman ljamil w yamat 3wita ????????
Wlad 2000 hahowa lbon bach kat9t3 blays ??????";loukilihz
1;21/10/2018 07:15;Slumber;https://scontent.cdninstagram.com/vp/f29958b9a9fea172897ebb49b911206c/5BD5652A/t51.2885-15/e15/p320x320/43057009_187302705494891_3714923849481977856_n.jpg;32;36;https://www.instagram.com/p/BpL6xluA35h/;Morocco;-6;3;guerma,fes,oncf,marrakech,tourdumaroc,escape,maghreb,nature,travel,view,morocco,maroc,8heuresderoute,vagabondage,vagabond,travelwithmom,goodmorning,trains,travelgram,ontheroad,voyage,brouillard;"Les voyages en train racontent tous une histoire 
___________________________________________
#voyage #trains #ontheroad #oncf #marrakech #fes #8heuresderoute #morocco #maroc #maghreb #brouillard #view #goodmorning #travelgram #travel #escape #vagabond #vagabondage #tourdumaroc #travelwithmom #guerma #nature";guerma.yas
1;20/10/2018 17:03;Normal;https://scontent.cdninstagram.com/vp/fa8321c8154f6fb1206519623234cb34/5BD5C477/t51.2885-15/e35/s320x320/43053070_167878910812746_2826014796520421452_n.jpg;0;39;https://www.instagram.com/p/BpKYtFyHkju/;;0;0;model,oncf,youtuber,actor,knitra,folow4folow,comedie,like4like,videooftheday,videoyoutube,maroco,rabat,peace,photography,cinema;"???? ???? ??? ?? ?????? ? ???? ????? ???? ???????? .
.
.
.
.
.
.
.
#maroco #oncf #rabat #model #videoyoutube #youtuber #actor #comedie #folow4folow #like4like #peace #rabat #knitra #cinema #photography #videooftheday";zammourimohammed
1;20/10/2018 16:55;Normal;https://scontent.cdninstagram.com/vp/c9604c0564405111bb5583abbcea3124/5C8587F0/t51.2885-15/e35/s320x320/42717345_2221206757953252_1766276192907102414_n.jpg;0;19;https://www.instagram.com/e_joesgallery/p/BpKZLzUFF39/;;0;0;photography,calm,light,nightphotography,water,ucefgfx,photographer,marrakech,photo,garedemarrakech,leagueoflenses,instagramphotography,longexposure,trainstation,oncf,redcity,rainy,gare,morocco,ucefphotography,vividcolor;"MIDNIGHT AT THE TRAIN STATION ??

#ucefphotography #ucefgfx #trainstation #photo #photographer #photography #light #redcity #marrakech #morocco #rainy #calm #nightphotography #vividcolor #water #longexposure #instagramphotography #leagueoflenses #gare #garedemarrakech #oncf";e_joesgallery
1;20/10/2018 14:03;Lark;https://scontent.cdninstagram.com/vp/2d24d286d86d6e5afb75cbf84e34a04d/5C8637CC/t51.2885-15/e35/s320x320/43914181_314994685983006_1059986434138920407_n.jpg;34,0435;57;https://www.instagram.com/p/BpKFeUBHaS7/;Fez, Morocco;-5,0032;1;poolparty,party,justdoit,fitnesstrainer,talent,fitness,bodybuilding,biceps,dreambig,casting,dj,animation,live,staypostive,ambiance,musculation,aqua,fafanachili,focus,soirée,speaker,oncf,fitnessmodels,folie,marakech,aquatic,gottalent,aquagym,mic,moments;"?? ANIMATION ??

#FAFANACHILI #animation #moments #folie #ambiance #ONCF #soirée #talent #casting #live #gottalent #party #mic #speaker #dj #dreambig #staypostive #focus #justdoit #fitness #fitnessmodels #musculation #bodybuilding #fitnesstrainer #biceps
#marakech #aqua #aquagym #aquatic #poolparty";hamzaaboura
1;20/10/2018 12:59;Normal;https://scontent.cdninstagram.com/vp/621b2acafd44b85a58c760e91e74bdd2/5C512501/t51.2885-15/e35/s320x320/42973870_281033776075149_3549678556285785473_n.jpg;0;5;https://www.instagram.com/p/BpJ-KDABWXy/;;0;0;oncf,trains,hell,pink,heaven,illustration,chemindefer;#oncf #trains #illustration #pink #chemindefer #hell #heaven;tasukidesign
1;20/10/2018 12:09;Normal;https://scontent.cdninstagram.com/vp/ba5f31f9b1e5e3828bac03dd7a9000b9/5C66B8EE/t51.2885-15/e35/s320x320/44298997_1963960597029810_5833083957977966909_n.jpg;0;9;https://www.instagram.com/p/BpJ4ZjlArta/;;0;0;oncf,train,morocco;#oncf#morocco#train;ftabed
1;20/10/2018 12:02;Normal;https://scontent.cdninstagram.com/vp/bd5aaa5665207d316c09a8a4a90b09c6/5C699FFE/t51.2885-15/e35/s320x320/43913182_340660329828877_8998624707601735344_n.jpg;0;303;https://www.instagram.com/p/BpJ3nGmnLcq/;;0;13;oncf,???????;"??????? ???? ???? ??? ?? ??? ?? ???? ??? ??? ??????? ????? ???? ??? ???? ?????? ?? ???? ?????? ???
??? ??????? ??????? .. ??? ???? ? ??? ????? ?????? ??? ?? ???? ??? ?????? ????? ???? .. ??? ??????? ????? ???? ?????? ????? ????? ?????? .. ? ????? ???? .. ????? ?? ????? ????? .. ? ?????? ????? ? ????? .. ?????? ???? ??????? ???????? ??? ??? ? ???? .. ??? ????? ???? ??????? ?????? ???? ?????? ? 10.. ? ?? ????? ??????? ??????? ??? ??? ? ???? ? ??????? .. ??? ???? ???? ????? ?? ??? ??? ???? ???? ????? .. ???? ???? ?? ?????? ??? ???? .. ??? ? ???? .. #oncf
?????? ??? ????? ??? ????? ????? ????? ????? ???? ?????? 
???? ???? ???? ?????? 
??? ???? ??????? ??? ????? #??????? ???? ??";maghribi_36
1;20/10/2018 11:40;Normal;https://scontent.cdninstagram.com/vp/0382098c077234d5e4ef523eec2c5f3b/5C7DC701/t51.2885-15/e35/s320x320/43079346_310841449695923_8385799250393832596_n.jpg;0;31;https://www.instagram.com/e_joesgallery/p/BpJ1FNTlkTT/;;0;1;photographer,instagramphotography,vividcolor,trainstation,leagueoflenses,ucefgfx,rainy,oncf,redcity,photo,ucefphotography,morocco,calm,water,gare,nightphotography,light,marrakech,garedemarrakech,longexposure,photography;"TERMINUS ??

#ucefphotography #ucefgfx #trainstation #photo #photographer #photography #light #redcity #marrakech #morocco #rainy #calm #nightphotography #vividcolor #water #longexposure #instagramphotography #leagueoflenses #gare #garedemarrakech #oncf";e_joesgallery
1;20/10/2018 05:48;Ludwig;https://scontent.cdninstagram.com/vp/d12cf76d7dd9112a87eea599de0c5e3a/5BD5C5F0/t51.2885-15/e15/s320x320/42937638_584455531973195_8138066768409069474_n.jpg;0;20;https://www.instagram.com/p/BpJMqQfDhaX/;;0;8;rabat,oncf,morocco,travel;#oncf #travel #rabat #morocco;rabie_labrhada
1;20/10/2018 01:24;Normal;https://scontent.cdninstagram.com/vp/06e31e5b54106e60ac9015781e6c944b/5C87E04B/t51.2885-15/e15/s320x320/43143666_175804796662247_1631101817997212826_n.jpg;0;7;https://www.instagram.com/p/BpIunH4DsuK/;;0;0;??????,digitalart,artoftheday,designer,picoftheday,graphics,artist,creative,oncf,graphic,designers,photoshop,creatives;"#?????? ??? ?? ???? ??? ?????? ?? ??????

#oncf #designer #designers #creative #creatives #artist #artoftheday #picoftheday #digitalart #graphic  #graphics

#photoshop";yassine1_1
1;19/10/2018 23:59;Clarendon;https://scontent.cdninstagram.com/vp/169abadb7240ceb66632dda07294968c/5C7FB75C/t51.2885-15/e35/s320x320/43714507_358736614668841_5783103870029337192_n.jpg;0;45;https://www.instagram.com/youssef_berzegane/p/BpIk1H6gRyB/;;0;0;like4likes,folow4folow,likers,liketime,follow4like,like4likeback,oncf,follower,likeforlikes,follow4followback,art,liked,followers,??????oncf,artwork,following;"#??????ONCF #oncf 
#like4likes #likers #like4likeback #likeforlikes #liked #liketime #artwork #art #following #followers #follower #follow4like #folow4folow #follow4followback";youssef_berzegane
1;19/10/2018 19:59;Normal;https://scontent.cdninstagram.com/vp/320b642aea484d4d99bdf729f790184c/5BD620CC/t51.2885-15/e35/s320x320/43218570_2205796856364004_4751648313463690249_n.jpg;33,9848;12;https://www.instagram.com/p/BpII8uUh5r7/;Rabat, Morocco;-6,8618;0;????,oncf,???????,??????,????;"#???? #??????? ??? ????? ???? 
#??????
#???? 
#oncf";achraf_mohamed_adib
1;19/10/2018 18:22;X-Pro II;https://scontent.cdninstagram.com/vp/f61635768cbb8975b479ccca744846fa/5C6F21A2/t51.2885-15/e35/s320x320/43984904_483975825418369_4353483060614407688_n.jpg;0;30;https://www.instagram.com/p/BpH-QA8FpaL/;;0;0;oncf;"Ouuuuuf.. #ONCF l3adab aller retour...
25min de retard au niveau de Rabat Ville.";karim_hadri
1;19/10/2018 15:19;X-Pro II;https://scontent.cdninstagram.com/vp/35f9d532fe893921e654c3075208c0f5/5C5000E1/t51.2885-15/e35/s320x320/43023155_924199064595554_8829032021062772289_n.jpg;0;32;https://www.instagram.com/p/BpHpWfqFs5X/;;0;0;maroc,oncf;"Casa port: 12h45
Rabat ville: 16h00
Casa-Rabat en 3 Heures par train.
Merci à #ONCF.
Bienvenue au #Maroc.";karim_hadri
1;19/10/2018 13:35;Normal;https://scontent.cdninstagram.com/vp/6687995ba81eaec07d14e5ae00cc593e/5C88D026/t51.2885-15/e35/p320x320/42949603_568057313651040_2727895174430059218_n.jpg;0;152;https://www.instagram.com/p/BpHda1VlLWJ/;;0;0;coffin,??????,???,???????,????,train,??????,photoshop,moroccan,graphic,shrouds,visualart,art,oncf,graphicdesigner,visual,grave,morocco,photshopmanipulation;"#photshopmanipulation #Photoshop #graphicdesigner #graphic #visual #visualart #art #train #oncf #Morocco #moroccan #??????? #?????? #???? #??? #??????
#shrouds #coffin #grave";hamza_zahir
1;19/10/2018 12:31;Normal;https://scontent.cdninstagram.com/vp/038312cc1713bb5fda24d48602b49d57/5C67D503/t51.2885-15/e35/s320x320/43377468_989903237884294_8739503876806183684_n.jpg;0;7;https://www.instagram.com/p/BpHWKlsHVTx/;;0;0;??????,instagram,???_???_????_????_??????,oncf,train,????_???????,bouknadel,?????_?????_?????,maroc,????_?????,????_??????,?????_???????,??????_??????;"?? ????? ?
?? ?????? ?
?? ??????
??? ????????? ????? ? ????? ??????? ? ?? ??? ???? ? ??????? ????? ???? ????? ? ????? ??? ????????? ???? ??????? ??? ? ???????? ?????? ??? ???? ???? ???? ??? ???? ????? ? ? ?? ???? ?? ???? ? ???? ???? ? ??? ?????? ? ????? ???? ?????? ?? ???? ??????? ? ???????? ??????? ???? ???? ????? ? ???? ???? ??????? ? ???? ????? ?????? ? ???? ???? ????? ????? ???? ????? 
#?????_??????? #????_????? #????_??????? #??????_?????? #?????_?????_????? #????_?????? #???_???_????_????_?????? #??????
#train #bouknadel #maroc #instagram #oncf";felfela__________7arra
1;19/10/2018 12:14;Normal;https://scontent.cdninstagram.com/vp/666600e2f26d798f5ef1f97bda03a142/5BD64C64/t51.2885-15/e35/s320x320/42885357_494659064351863_5797608906226034786_n.jpg;0;25;https://www.instagram.com/p/BpHT-KAjFSv/;;0;1;?????,?????_??????,??????,???_?????,douniabatma,????,???????,?????,?????_????,???????_????????,????,????_????_?????,?????,??????,????,saadlamjarred,cristianoronaldo,???????,zouhairbahaoui,explorer,???????_??_??????,?????_???????,casablanca,follow,oncf,??????,maghribinachet,mdr,??????,????_??????;"?????? ????? ????
?????? ?? ???? ????????????????????????
????????? ???? ????? ? ?????? ????????? ????  Follow ?? @maghribinachet ?? Follow??
??????? ???? ???? ?? ???????
???? ??? ???? ??????? ???? ??
???????? ??? ????? ??
??????? ???? ???? ????? ?????? ? ?????? ?? ????? ??????
??
??
??
??
??
??
??
??
??

#?????? #???? #???? #????? #????? #????? #?????? #??????? #?????_?????? #?????_??????? #???? #???_????? #?????? #??????? #cristianoronaldo #????_?????? #?????? #?????_???? #????_????_????? #?????? #???_????? #????_????_????? #???????_???????? #???????_??_?????? #douniabatma #mdr #maghribinachet #follow #casablanca#zouhairbahaoui #saadlamjarred#explorer #oncf";maghribinachet
1;19/10/2018 11:50;Normal;https://scontent.cdninstagram.com/vp/f34a39ad0379036de9826c978e013d2c/5C6CBFCA/t51.2885-15/e15/s320x320/42861537_312886072871296_3808907803588258670_n.jpg;0;137;https://www.instagram.com/p/BpHRdlRHvQC/;;0;8;bouknadel,telquel,oncf;En couverture du numéro 827 de #TelQuel, en kiosque et disponible en accès digital sur telquel.ma : Drame de #Bouknadel. l'#ONCF est-il responsable?;telquel
1;19/10/2018 09:07;Aden;https://scontent.cdninstagram.com/vp/3be4cfc2a988a31d82aaddadcb3bcf2f/5C51D986/t51.2885-15/e35/s320x320/43572286_700698970300080_6306727851437588480_n.jpg;32;4508;https://www.instagram.com/p/BpG-2CfnNzb/;Morocco;-6;2;????,maroc,????,morocconews,morocco,news,prayformorocco,?????_??????,?????????,???,oncf,maroccan,???????_????????,trains,??????,rabat,????,tangier,kenitra,tetouan,????_???????,??????;"I would like to take this opportunity to express my sincere condolences to the Kingdom of Morocco and the families of those involved in this tragic incident.
""To Allah we belong, and to him we do return""????
Al-baqaa2 Lillaah?? .
.
.
.
.
.

#?????? #???????_???????? #?????_?????? #prayformorocco #morocco #maroc #maroccan #rabat #kenitra #tetouan #tangier #news #???? #???? #?????? #???? #????????? #????_??????? #oncf #trains #morocconews #???";anass.official
1;19/10/2018 08:55;Normal;https://scontent.cdninstagram.com/vp/e43f82916bf34207f5f1e12f688f5d65/5C6786D7/t51.2885-15/e35/p320x320/43914990_254641878728821_4250962661273182002_n.jpg;0;2;https://www.instagram.com/p/BpG9cq_AFBA/;;0;1;oncf;Numéro 1 au box-office ????????????????????????????????????;loursoujda
1;18/10/2018 18:52;Clarendon;https://scontent.cdninstagram.com/vp/8aa90421dfc056fcdaaa9dd1825fd1e7/5C4A721B/t51.2885-15/e35/p320x320/44429966_443857286139352_2226598864552945597_n.jpg;0;23;https://www.instagram.com/p/BpFc5gQAB22/;;0;0;train,psychology,horror,wounds,blood,pain,makeup,sick,scared,oncf,dead;"??????? ??? 
?? ??? ??? ???? ?????? ? ??????? ?????? ?????? ??????
@groupe_oncf #oncf #dead #train #wounds #pain #blood #sick #makeup #horror #scared #psychology";shiru_swan
1;19/10/2018 01:49;Normal;https://scontent.cdninstagram.com/vp/2d0813b2529171eea7f52b482307d408/5C852E24/t51.2885-15/e35/p320x320/43419270_449618848894497_6928614527308839706_n.jpg;0;9;https://www.instagram.com/p/BpGMoy3Avp9/;;0;0;oncf_baraka,oncf,????_????;"Heureusement que le People est là pour sauver le People .On attend plus rien de l'État ni de l' #ONCF .Bravo à ce groupe de psychologues bénévoles ,merci !! #oncf_baraka
#????_????
#oncf";anace_benouahi
1;17/10/2018 01:24;Normal;https://scontent.cdninstagram.com/vp/1e110a8b306b80829c2942a8707c2d95/5C4CB689/t51.2885-15/e35/s320x320/44327325_278408552784291_7237690395765157753_n.jpg;0;15;https://www.instagram.com/p/BpBAO2mlwx1/;;0;0;oncf;Dozens killed in train coup in Morocco :( #oncf;businessdiction
1;18/10/2018 21:39;Normal;https://scontent.cdninstagram.com/vp/3a2639fc389e53ddc3b3cc2af7242bf5/5C8558F3/t51.2885-15/e35/s320x320/42402576_2227984883909721_8681338492327618022_n.jpg;0;25;https://www.instagram.com/p/BpFwBHhjIub/;;0;1;oncf,???????,???????;???? ???? ???? ???? ?????? ?????? #??????? ? ???? ??????? ?? ??... ? ???? ????? ?? ???? ? ???? ????? ?? ????? ?? ???? ? ???? ???? ???? ?? #oncf ???? ??????? ??? ??? ????? ??????? ? ????? ??? ???? ???? ?? ?????? ???? ???? ?? ??? ?????? ??????? ?? ???? ????? ?? ?????? ? ?? ????? ??? ???? ?? ?????? ???? ?? ???? ??? ?????? ???? ???? ???? ???????? ? ???? ?? ???? ??? ?? ??? ???? ?????? ? ?????? ????? ????? ???? ? ???? ??????? ?????? ??? ?? ?? ??????? ?? ??? ?? ???? ??? ?? ????? ???? ???? ??????? ? ??? ?? ?? ?? ???? ???? ??? ???? ??? ????????? ??? ?????? ?? ??????????! ???? ????? ??? #??????? ???? ????? ??????? ?????? ????? ? ??????? ?? ??? ????? ????? ??? ????? ????? ??? ????.....;maghribinachet
1;18/10/2018 20:51;Normal;https://scontent.cdninstagram.com/vp/42893b8eea5dbe8d4b8315650d18110e/5BD62367/t51.2885-15/e35/p320x320/43378048_819130335116603_8335338642162544325_n.jpg;0;100;https://www.instagram.com/p/BpFqidbhwEo/;;0;26;oncf,????,maroc,????,marocain,train;"Le récit d'un défunt : ??? ?????
Personnage et histoire fictive 
????? ? ??? ?????
??????? ?????? ???? ????? ???? ???????

#oncf #train #marocain #maroc #???? #????";iliassbenwanes
1;18/10/2018 19:48;Normal;https://scontent.cdninstagram.com/vp/c5350bbce93311f4e8df10211efecb0c/5C6C9BF5/t51.2885-15/e35/s320x320/42970701_309817426414780_1299908424089489130_n.jpg;35,7614;279;https://www.instagram.com/p/BpFjVpOHjPU/;Tangier, Morocco;-5,8195;29;halloween,makeupoftheday,halloweenspirit,halloween2018,halloweenmakeup,moroccanmakeupartist,facepainting,skullmakeup,motd,moroccangirl,halloweentime,halloweencostume,moroccanyoutubeuse,makeuplook,halloweeninspiration,halloweenlook,scarymakeup,skull,halloweenmovies,moroccanblogger,scarylooks,amrezy,oncf,facepaint,makeupartistworldwide,creepymakeup;"??GIRLIZ?What is YOUR FAVORITE SCARY MOVIE. I NEED Inspiration??

This was my first try ever as I always hated paint or anything thick or heavy on my face, but I had to at least try it once. 
I Would love to do another look for you. ????COMMENT BELOW???? WHAT YOU WANNA SEE NEXT??????
.
.
.
.
.
. .
.
.
.
.
.
. .
.
.
.
.
.
.
.
.
.
. .
.
.
.
.
. .
.
.
.
.
.
.
#skull #skullmakeup #scarymakeup #creepymakeup #halloweenmakeup #halloween2018 #halloweenlook #halloween #oncf #makeuplook #makeupoftheday #facepaint #facepainting #moroccanmakeupartist #halloweenspirit #moroccangirl  #makeupartistworldwide #moroccanblogger #moroccanyoutubeuse #halloweencostume #amrezy #makeupoftheday #motd #scarylooks #halloweentime  #halloweenmovies #halloweeninspiration";lellyseb
1;18/10/2018 19:00;Ginza;https://scontent.cdninstagram.com/vp/cd12def462ac0c5ff32b28a016151b8c/5C4B1104/t51.2885-15/e35/s320x320/44186637_110674026523566_6623042102242026353_n.jpg;0;50;https://www.instagram.com/p/BpFd4NOgDAJ/;;0;0;sketch,shit,drawing,hell,tragedy,maroc,nomercy,fuckeduplife,truth,nopeace,morocco,blood,wearethenext,government,oncf,nolove,killingpeople,everythingsfuckedup,fuckedupcountry;"Le Maroc que j'ai jamais aimé ! ??
#Drawing #sketch #morocco #maroc #hell #truth #blood #tragedy #fuckedupcountry #fuckeduplife #everythingsfuckedup #shit #government #killingpeople #oncf #wearethenext #nopeace #nolove #nomercy";zakaria.mouzouni
1;18/10/2018 18:43;Normal;https://scontent.cdninstagram.com/vp/27adcabcef76ef75cf5fcb719aaacf5d/5C7D1A4F/t51.2885-15/e35/s320x320/43496166_1174404299373336_5561198148403473782_n.jpg;0;928;https://www.instagram.com/p/BpFb8VTAi4e/;;0;17;;"???? ????? ??? ????? ??????? ? ???? ?? ?????? ? ?? ??? ???? ????? ??? ???? ??? ?????? . ????? ?????? ??????? ???? ??????? ?????. ????????? ???? ????? ?????? ????? ???? ? ??????? ????? ??????? ..
???? ?? ??????? ??????? ?? ?? ??????? ?? ??? ?? ????? ???? ??? ?????? ??????? ?????? ?????? ??????? ???????? ???? ??? :
??? ?? ??????? ??? ??? ????? ???? ????????? ??????? ?? ???? ?????? ? ??? ????? ?????? ????? ???? ????? ??? ??? ??????? ??????? ?? ?????? ? ??? ?????? ??????? ??? ?????? ????? : ?? ????? ???? ???? ??? ??????? ??? ?? ?????? ?????? ’????? ????? ? ????? ????? ????? . ??? ????? ’ ???? ??????? !!
?? ???? ??????? ???? ?????? ????
?? ???? ??? ??????? ?? ???? ????? .
???? ??????? ??????? ????? ????? ??? : ?? ?? ???????? ??????? ??.
?????? ??????? ?? ?????? ????? 6 ????? ? ?? ??? ????? ?? ??? ???? ?????? ?? ????? ? ????? ? ????? ???? ??????? ?? ??? ????? ? ??? ? ?????? ? ?? ????? ??? ????? ???? ??????? ? ??? ????? ?????? ? ???? : ??????? .. ’ ????? ??????
???? ??????? ???? ? ’ ?? ??? ?????????
??? ??? ?????? . ???? ???? ??????? : ?? ?? ????? ?
??? ????? ??????? ??????? ?? ?????? ??? ????? ? ?? ??? ????? ?? ??? ???? ?????? ?? ????? ? ????? ? ????? ???? ??????? ?? ??? ????? ? ??? ? ?????? ? ?? ????? ????? ??? ????? ??? ?? ??????? ??? ???????
??? ????? ?????? ?? ????? ???? : ??? ???? ???????? ..
???? ?????? ? ’???? ???
?? ??? ??? ??????? ? ???? : ?? ?? ??? ???????? ???????????
??? ?????? ??? ????? ????? ???? ?? ????? ????????
???????? ??? ?? ???? ?? ??? ???? ???? .? ?? ??? ????? ?? ??? ???? ?????? ?? ????? ? ????? ? ????? ???? ??????? ?? ??? ????? ? ??? ? ?????? ? ?? ????? ????? ??? ????? ??? ??????? ??? ???? ????? ?.?? ???
?????? ????? ????? ????? :
????? ? ???? .!
? ????? ??????? ?????? ? ????? ???? ? .
?????? : ?? ???????
??? : ???? ????? .. ??????? ? ??????? ?????? ??????? ??????? ?? ?????? ????? ?????? ?? ???????.......";morocco_news1
1;18/10/2018 18:42;Clarendon;https://scontent.cdninstagram.com/vp/38e6fafc9feba7be30fc01f29ebd6a83/5C83112D/t51.2885-15/e35/p320x320/43817469_272161016749908_9010352570588678969_n.jpg;0;247;https://www.instagram.com/p/BpFb1P2A5WV/;;0;7;oncf,?????_????_???????;"???? ??? ????? ???? ??????. 
????? ???? ??? ??????? ??????? ???? ????? ?????? ????? ????????. ??
#?????_????_??????? #ONCF";chefomar_archane
1;18/10/2018 16:25;Gingham;https://scontent.cdninstagram.com/vp/c19b1670bd75933b3366029f1532e963/5C54E3B4/t51.2885-15/e35/s320x320/43818152_2060174520939782_7137401945528014634_n.jpg;0;31;https://www.instagram.com/p/BpFMHEOjpPp/;;0;0;oncf,port;#PORT#ONCF à l'instant ??;anwarattaiallah
1;18/10/2018 16:22;Clarendon;https://scontent.cdninstagram.com/vp/fe42509f828bf471b74227cf8453e261/5C4DA862/t51.2885-15/e35/s320x320/42614743_475053919657466_8570387375497150464_n.jpg;0;26;https://www.instagram.com/p/BpFLzR7Aezx/;;0;2;oncf,port;"#PORT#ONCF a l""instant ?????";zakariaelbazi7
1;18/10/2018 15:32;Normal;https://scontent.cdninstagram.com/vp/6a10ef6722313849408c172c464b1267/5C675DE5/t51.2885-15/e35/s320x320/43371269_873885516333758_2054256260899662028_n.jpg;0;26;https://www.instagram.com/p/BpFGGRCnUwg/;;0;0;chiffre_du_jour,oncf,drame_bouknadel,don_de_sang,rabat;#Chiffre_Du_Jour Plus de 1600 personnes se sont rendues au Centre régional de transfusion sanguine de #Rabat #Oncf #Drame_Bouknadel #Don_De_Sang;leseco.ma
1;18/10/2018 15:18;Juno;https://scontent.cdninstagram.com/vp/389dbcebe1517466d0d67c808cf5fd24/5C541CE0/t51.2885-15/e35/s320x320/43026437_1120729008102759_5671839784899009950_n.jpg;0;24;https://www.instagram.com/p/BpFEfZsBsUN/;;0;0;??_???_???_????_??????,lfc_maroc,bouknadel,ynwa,?????_?????_???????_??_??????,maroc,lfcbdarija,lfc,oncf;"???? ???? ????? #?????_?????_???????_??_?????? ?????? ???? ??????? ???? ????? ????? ?????? ??????.
?#??_???_???_????_?????? 
#lfc_maroc 
#lfcbdarija 
#LFC
#oncf
#maroc
#bouknadel 
#ynwa";lfc_maroc
1;18/10/2018 15:18;Normal;https://scontent.cdninstagram.com/vp/dc89d3e7eb2b3e6520dd3dcb0d20eea9/5C87DC6B/t51.2885-15/e35/s320x320/42802346_131233847840352_7997320567518195291_n.jpg;35,7614;6;https://www.instagram.com/p/BpFEZ4PnOC-/;Tangier, Morocco;-5,8195;0;photoshop,flatart,death,morocco,oncf,trains;#flatart #oncf #trains  of #death #morocco #photoshop;khalid_elamine
1;18/10/2018 10:31;Normal;https://scontent.cdninstagram.com/vp/6aec29270c73e332ebd6d05747a5470c/5BD5313D/t51.2885-15/e35/s320x320/43081829_329762574455594_1768114678399160417_n.jpg;0;346;https://www.instagram.com/p/BpEjclxl5Bw/;;0;11;?????_??????,?????,?????,oncf,?????24,?????_?????;"????? ???? ????? ????? ???? ?????? ???? ""??????"": ???? ????? ????? ???? ???? ??????? ???????? ???? ??.
#?????24 #?????_????? #????? #?????_?????? #????? #oncf #";alyaoum24i
1;18/10/2018 13:02;Normal;https://scontent.cdninstagram.com/vp/cf0ad9b6d34ec6997c3c146358a46f51/5BD5B761/t51.2885-15/e15/s320x320/43198049_2213302295571649_345240310132105552_n.jpg;0;108;https://www.instagram.com/p/BpE07NRgjG0/;;0;0;train,bouknadel,deraillement,actualite,tragedie,maroc,morocco,oncf,ferroviaire,breakingnews,wagon,wada7,accident;"!?????? ???? ????? ??????? ??? ??? ???? 7 ????? ????? ?? 80 ??????
Un train déraille au Maroc. Dernier bilan:  7 morts et plus de 80 blessés ! ?
•
•
•
•
#accident #ferroviaire #oncf #maroc #morocco #deraillement #train #wagon #bouknadel #tragedie #breakingnews #actualite #Wada7";wada7official
1;18/10/2018 13:57;Normal;https://scontent.cdninstagram.com/vp/6130cf9a938addcbb8349441a3ed6019/5C637893/t51.2885-15/e35/s320x320/43984578_128418838129855_8178710211423405884_n.jpg;0;328;https://www.instagram.com/p/BpE7IRxgLc6/;;0;11;prayformorocco,oncf;"?????? ?? ??????? ??????? ??????? ????? ???? ????? ?????? ?????? ????? ???????? ??  ????? ??? ???? ? ????? ????? ??????? ? ??? ?? ???? ??? ????? ???? ??? ???? ?? ???????? ?????? ?? ????? ??????? ????? ?????? ???? ?????
#prayformorocco #oncf 
Yallah 3awtani (up )??????????????";morocco_news1
1;18/10/2018 05:10;Normal;https://scontent.cdninstagram.com/vp/350e2379157f8440ea43ac95426875e7/5BD551BE/t51.2885-15/e15/s320x320/42627904_1844828458945620_4408420583193577946_n.jpg;0;1778;https://www.instagram.com/p/BpD8ngJBjuz/;;0;54;oncf;??? ?????? ???? ??????? #oncf;morocco_news1
1;18/10/2018 11:53;Normal;https://scontent.cdninstagram.com/vp/2e831681e6aaf40feeee09d357052463/5C4BC322/t51.2885-15/e35/s320x320/43371556_279196569592142_4184174846707219970_n.jpg;0;8;https://www.instagram.com/p/BpEs9mnhwqm/;;0;0;oncf,maroc;mrc #oncf #maroc;yassin.mjbr
1;18/10/2018 10:59;Normal;https://scontent.cdninstagram.com/vp/5e992327ba18fbe49a3bc916e75b40df/5C87F65C/t51.2885-15/e35/s320x320/43050618_284155485765148_119141625575718892_n.jpg;0;391;https://www.instagram.com/p/BpEmwQkFjYq/;;0;2;?????,???,????,??????,morocco,??,??,oncf,????????,???,instacat,????,cat,???,casablanca,????,????,moroccancat,????????,cats,??????,moroccancats,???????,????,????,???,??????,straycat,catstagram,?;"??????????????
#? #?? #?? #??????? #??? #??? #???? #????? #???????? #???? #?????? #?????? #???????? #?????? #???? #???? #???? #??? #???? #??? #cat #cats #catstagram #instacat #straycat #morocco #moroccancat #moroccancats #casablanca #oncf";kiyotakaiwai
1;18/10/2018 09:29;Normal;https://scontent.cdninstagram.com/vp/e2ca947986e9e85519c047db31e939b8/5C8A4B96/t51.2885-15/e35/s320x320/43700887_178395339676454_3444832180517939615_n.jpg;0;49;https://www.instagram.com/p/BpEceg4hViN/;;0;1;oncf,sadness,maroc,morocco,tragic;"Bonjour ladies ?? C’est avec le cœur lourd, que nous vivons ces derniers jours...vu les derniers événements qu’a connu notre pays. Aujourd’hui j’aimerais avoir mon mot à dire, parceque AUJOURD’HUI, seuls les jeunes sont capables de changer les choses et de crier haut et fort leur haine envers cette injustice. 
Je ne comprends pas, comment ces personnes arrivent à se réveiller le matin et à faire comme si de rien n’était, comme si nos trains dataient de y’a 1 ans! Cher Oncf! Il est temps pour toi, de te remettre en question, ce n’est pas tes gares en marbre ou tes trains à grande vitesse qui amélioreront ton image. #oncf #sadness #tragic #morocco #maroc";lashesndhighlights
1;18/10/2018 09:19;Normal;https://scontent.cdninstagram.com/vp/5e3dd01bcaa293f6cec6b2a7093cefef/5C8564B1/t51.2885-15/e35/p320x320/42363674_2170395933235013_5982672230963329791_n.jpg;0;6;https://www.instagram.com/p/BpEbXw_j014/;;0;0;????????,oncf,??????,?????_???????,redaelbradi,prayformorocco,????_?????,??????;#oncf ##prayformorocco #?????? #?????_??????? #????_????? repost #redaelbradi #?????? #????????;kniiizti
1;18/10/2018 08:50;Normal;https://scontent.cdninstagram.com/vp/4135ffa5a2a1d45c2f4b00d0e7d467ac/5C7DC74F/t51.2885-15/e35/s320x320/43044106_578213985946319_8150314893278072020_n.jpg;0;16;https://www.instagram.com/p/BpEYChggpuM/;;0;1;un_pays,oncf,pays,citoyens,revenir,passagers,7_morts,fermé,psychologique,jt,merci,86blessés,vide,lignes,sang,15h30,victimes,maroc;"#Merci de nous rappeler que nous vivons dans un #pays où dans le #JT on accorde 4 minutes à un drame ayant fait au moins #7_morts et #86blessés, avant de passer sans transition à un reportage sur l'agriculture à Errachidia. #Un_pays où de nombreux #citoyens se sont déplacés pour donner leur #sang aux #victimes au centre de transfusion sanguine de la capitale qu'ils ont trouvé #fermé et #vide et où on leur a dit de #revenir à #15h30 après la pause déjeuner. #Un_pays où l’État ne prévoit aucune prise en charge #psychologique pour les familles et les #passagers qui ont vu des corps déchiquetés devant eux. #Merci à l'#ONCF de nous rappeler que c'est le #Maroc qui déraille car en effet, l'avenir se lit sur vos #lignes.
?? ??? ??? ???? ??????";mohssine_photographer
1;18/10/2018 08:29;Normal;https://scontent.cdninstagram.com/vp/16f15177f4e2a8ca788693c2118a85d0/5C4BE5AE/t51.2885-15/e35/s320x320/43274489_1938172139810032_72587241389996213_n.jpg;0;59;https://www.instagram.com/p/BpEVllkhFS_/;;0;0;oncf,?????_????_???????,??????_??????_?????_????????,??????,???????,?????_???????,?????????,le360????????,?????_????_??????,??????;"????? ???????. ??? ???? ??? ????? ?????? ??????? ?????????
???? #??????_??????_?????_???????? ??? ??? ????  ???? ??? ????? ?????? ????? ?????? ???? ?????? ???? ???? ??? ?????? ????????? ?? ???? ??? ????????? ??? ????? ????? ???????.
? ???  ?????? ???? ????????? ?????????? ?????????? ??????? ??????? ????????? ?? ??? ???? ??? ???? ??????? ???? ?????? ??? ??????? ?? ???? ???????? ??????? ???? ?????? ???? ???????"".
???? ???? ??????? ?????? ?????? ??????: 0800002299
#?????_????_??????? #?????? #?????_????_?????? #oncf #?????? #????????? #?????_??????? #le360???????? #???????
????? ?? ???????? ???? ??????:
ar.le360.ma";le360ar
1;17/10/2018 23:38;Normal;https://scontent.cdninstagram.com/vp/79c7c13f82d36408bae4c551957013ba/5C531844/t51.2885-15/e35/s320x320/43529815_336958146849965_1299481119186569986_n.jpg;34,0435;30;https://www.instagram.com/p/BpDY3dOhkuT/;Fez, Morocco;-5,0032;1;oncf,landscape,mountain,train,instatravel,ocean,fields,marrakech,maroc,forest,travel,fes;From #marrakech to #fes by #train #travel #oncf #maroc #instatravel #forest #mountain #landscape #fields #ocean;derteilzeitberliner
1;17/10/2018 22:45;Normal;https://scontent.cdninstagram.com/vp/096fcc69a8dc754b5187b82d9f9dbd92/5C4F117F/t51.2885-15/e35/s320x320/42869662_1927369654009983_2279538585656329928_n.jpg;0;16;https://www.instagram.com/p/BpDSyIiHVWp/;;0;3;oncf,drame,thanksgodforeverything,???_???_????_????_??????,bouknadel;?????? #drame #oncf #bouknadel #thanksgodforeverything #???_???_????_????_??????;developpement_construction_m
1;17/10/2018 22:29;Normal;https://scontent.cdninstagram.com/vp/2b09dd7d63c5df64560451dfac4a4bfe/5C66CBBE/t51.2885-15/e35/s320x320/43912991_1732144280229858_835295067497119277_n.jpg;34,1333;36;https://www.instagram.com/p/BpDQ7wCFbts/;Sidi Bouqnadel, Rabat-Sale, Morocco;-6,73333;2;oncf,mobilegraphy??,?????_???????,morocco,??????_????_???????,??????;"??? ????? #??????_????_??????? ?? ???? #??????
#?????_??????? 
#mobilegraphy?? #oncf #morocco
Copyright: @samysouhail";samysouhail
1;17/10/2018 13:12;Normal;https://scontent.cdninstagram.com/vp/659670797536dbf7d1055196187026db/5C7F651D/t51.2885-15/e35/p320x320/44178580_493095831192012_7031938599100720870_n.jpg;0;29;https://www.instagram.com/p/BpCRR72h8dJ/;;0;1;????_?????,?????_???????,oncf;"????? ????? ?? ???? ????? ????? ??? ?????? ????? ? ???? ?????? ?? ????? (???? ????? ? ???? ?????)
#????_????? #oncf #?????_???????";hind_takieddine
1;17/10/2018 20:22;Normal;https://scontent.cdninstagram.com/vp/bf87cd20c14cc9e64d15b7f4ec097ab9/5C4A4F71/t51.2885-15/e35/s320x320/43503414_334595637295741_3966313264578074441_n.jpg;0;11;https://www.instagram.com/p/BpDCfeOFfUH/;;0;0;??????_???????,oncf,??????,?????,??????,??????_??????,??????_??????,morocco,??????;"?????? ?????? ?? ??? #?????? ??????? ??
?????? ?????? ???....""???? ???"" ??? ????? ??? ???? ????? ????? ???? ?? ???? ???? ??????...
#?????? ???? ???? ????? #????? ? ??????? ??? ??? ??? ??? ??? ????? ????? #?????? ??.
???#???????? ???#ONCF??
#??????_??????
#??????_?????? 
#??????_??????? 
#morocco";raniaanas01
1;17/10/2018 19:42;Normal;https://scontent.cdninstagram.com/vp/8b1788cc6822e7e92a1354adb95e592a/5C86ABA5/t51.2885-15/e35/p320x320/42863968_713277722365575_8518941795451669292_n.jpg;0;26;https://www.instagram.com/p/BpC94GpBEHn/;;0;0;sale,love,hope,rabat,instagood,mindset,ways,instapic,oncf,shame,dreams,thoughts,path,writings,morocco,instaspiration,moroccan,words;"__________________

The crowd is the most relevant example of society !

A mixture of different personalities walking in or out a flow of movement. 
Each one of them with a specific purpose and with a clear (or not) vision.

Do you know what channels this crowd ?

The infrastructure around !

The crowd is like a river, it follows a path and if there is no path available it digs it by itself. Which gives us a zig zag of disoriented ways in the ground.

________________________

#: The picture is taken in Morocco, a beautiful country with a big crowd and not a very clear path to follow...(Rabat)

________________________

#words #writings #instaspiration
#instagood
#morocco #moroccan #oncf #ways #path #love #hope #mindset #dreams #instapic #rabat #sale #shame #thoughts";theddreamer
1;17/10/2018 19:41;Normal;https://scontent.cdninstagram.com/vp/f4803f6ef82365db466eca6d0d835108/5C511DF6/t51.2885-15/e15/s320x320/42652406_1959293514374532_3830651535122359963_n.jpg;0;40;https://www.instagram.com/p/BpC9ztZBty-/;;0;2;accident,maroc,kenitra,bouknadel,train,oncf,rabat;#maroc #bouknadel #oncf #train #kenitra #rabat #accident;maroc_monde
1;17/10/2018 19:41;Normal;https://scontent.cdninstagram.com/vp/890220d337e2df37301217709dfe6627/5C6D4332/t51.2885-15/e35/43914998_477849709382487_8586282507890405431_n.jpg;0;16;https://www.instagram.com/p/BpC9xScnwST/;;0;0;bouknadel,oncf;"? ??? ??? ????? ????? ????...!!??
#oncf #bouknadel";omaima.allami
1;17/10/2018 19:34;Normal;https://scontent.cdninstagram.com/vp/839a7bfeed51c6920a433fd75f89e31d/5C6D4AD7/t51.2885-15/e35/p320x320/42986980_2275324162751932_2737399515331279376_n.jpg;0;10;https://www.instagram.com/p/BpC89LHBA3X/;;0;0;???_?????_????_????_??????,oncf,?????_????_?_????_??????,???_????_??????_?????_????????;"#???_?????_????_????_??????  #???_????_??????_?????_????????  #oncf
#?????_????_?_????_??????";sara_habraoui
1;17/10/2018 19:33;Normal;https://scontent.cdninstagram.com/vp/93255c6ffd2dc3999a4d800c9539fe8e/5C683EB0/t51.2885-15/e35/p320x320/44398965_484907398679817_1736617837772693595_n.jpg;0;76;https://www.instagram.com/p/BpC84UDjXKx/;;0;1;algerie,hatimammor,ibtissamtiskat,2018,???_?????_????_????_??????,ihabamir,???_????_??????_?????_????????,mohamedramadan,douzi,le_roi_mohamed_6,oncf,summer,halaturk,zouhirbahaoui,samirasaid,soulking,duniabtma,dubai,saadlamjarred1,?????_??????,salmarachid,?????_????_?_????_??????,agadir,????,asmaalamnawar,amrdiab,noamanebeliachi,?????,snapchat??,morocco????;"#???_?????_????_????_??????  #???_????_??????_?????_????????  #oncf
#?????_????_?_????_?????? 
@the_moroccan_darck_sarcasm .
.
.
#saadlamjarred1 #summer #soulking #snapchat?? #samirasaid #salmarachid #douzi #duniabtma #dubai #amrdiab #agadir #asmaalamnawar #algerie #noamanebeliachi #zouhirbahaoui #ihabamir #ibtissamtiskat #halaturk #hatimammor #hatimammor #morocco???? #mohamedramadan #le_roi_mohamed_6 #?????_?????? #????? #???? #2018";the_moroccan_darck_sarcasm
1;17/10/2018 18:20;Normal;https://scontent.cdninstagram.com/vp/4dd37d90f4b974016af89373687dd2fa/5BD56316/t51.2885-15/e35/s320x320/41548068_566814390416258_3767891511948771517_n.jpg;0;4;https://www.instagram.com/p/BpCzqHslJKV/;;0;0;??????,rabat,maroc,??????,oncf;"???? ??? ????? ?? #?????? ??? ???? ???? #??????
#maroc #rabat #oncf";al_akhbar_tube
1;17/10/2018 17:49;Normal;https://scontent.cdninstagram.com/vp/52ce7ab473a87037fab660c563bda03d/5C6A71D3/t51.2885-15/e35/p320x320/43525188_316709545810196_2228196897096252485_n.jpg;0;176;https://www.instagram.com/p/BpCw4x9lVcv/;;0;2;????,oncf,graphicdesigner,???????,art,photshopmanipulation,coffin,photoshop,??????,shrouds,moroccan,graphic,??????,visual,train,morocco,visualart,???;"?? ?????? ?? ???? ????.. ????? ???? ????? ???? ?????? 
#photshopmanipulation #Photoshop #graphicdesigner #graphic #visual #visualart #art #train #oncf #Morocco #moroccan #??????? #?????? #???? #??? #??????
#shrouds #coffin";hamza_zahir
1;17/10/2018 17:24;Normal;https://scontent.cdninstagram.com/vp/db90a3c475d465387e5285153fb4ac5a/5BD537AB/t51.2885-15/e35/s320x320/43425314_290601511546943_8621334507311495926_n.jpg;0;52;https://www.instagram.com/p/BpCt31FBvY_/;;0;4;oncf,?????_???????,????;"#?????_??????? #???? #ONCF

????? ???? ????? ????? ???? ?????? ???? ""??????"": ??? ???? ?????? ???? ???? ??????? ???????? ???? ??";zahra_m_france
1;17/10/2018 17:18;Normal;https://scontent.cdninstagram.com/vp/cdf3dd42b5c0c337a42f56be094499c7/5BD620B8/t51.2885-15/e35/s320x320/42811556_180087202915401_3299474982106206343_n.jpg;0;200;https://www.instagram.com/p/BpCtRpkB-pA/;;0;18;?????_???????,????,oncf;"#?????_??????? #???? #ONCF

????? ???? ????? ????? ???? ?????? ???? ""??????"": ??? ???? ?????? ???? ???? ??????? ???????? ???? ??
????";zahra_m_france
1;17/10/2018 16:35;Clarendon;https://scontent.cdninstagram.com/vp/2f2a6a231ae620cd4820d6d9d1027497/5C5025D2/t51.2885-15/e35/s320x320/43214721_258444748147649_6337835879276442462_n.jpg;0;40;https://www.instagram.com/_ibrahiim_naji/p/BpCoflGnd8Z/;;0;0;?????????,??????_???????,oncf,??????,????,?????_??????,marocaine????,marrakech,tisktisk,??????,dzair,saadlmjareed1,souira,casa,??????,accident,?????,????????;?????? #marocaine???? #saadlmjareed1 #tisktisk #???? #?????_?????? #???????? #????????? #?????? #accident #????? #?????? #oncf #??????_??????? #casa #?????? #marrakech #souira #dzair;_ibrahiim_naji
1;17/10/2018 15:40;Willow;https://scontent.cdninstagram.com/vp/70ee1c68beaf175589e2508b1c9652cd/5C81EB78/t51.2885-15/e35/s320x320/42756356_2188771834707410_4700017046973872275_n.jpg;34,1291554;11;https://www.instagram.com/p/BpCiIpUhSpn/;Bou Knadel, Rabat-Sale, Morocco;-6,7342647;2;morocco,oncf,saveyouth,rabat,protection,bouknadel,savemorocco;"""?? ??????? ?????????????? ?????????? ????? ??????????? ????????? ??????? ?????? ?????? ?? ?????? ???????? ??????????"". #savemorocco #saveyouth #morocco #rabat #bouknadel #protection #oncf";asmaa.talbi
1;17/10/2018 14:53;Normal;https://scontent.cdninstagram.com/vp/5ed16882c7664b1eee9f23e5d79a4340/5C4D61F8/t51.2885-15/e35/p320x320/43733352_1974553845958741_9049296037501789599_n.jpg;0;233;https://www.instagram.com/p/BpCc2QWBS2A/;;0;10;?????_??????_???_?????,?????_??????,?????????,??????,oncf,cocktail_21,?????_???????,morocco,train,???????,????_?????_?????,?????_??????,????_????,??????,?????,???????_????????,??????,????????,????,maroc;"???? ???? ?? ??? ???? ???? ??? ????? ????? ?????? ???????.??? ???? ????? ????? ?????? ?????????.??
??????? ?? ?????? ????? ????? ???????? ?????? ????? ??????? ???? ?????? ?????? ?? ??????????? ????? ????? ???? ????????  ??? ?? ???? ?? ??? ???????? ????? ?? ?? ?????? ????????.
?? ???? ?? ????? ??? ??????? ?????  ??? ????? ?????? ?? ???? ??????? ??????? ????? ???? ????? ???? ??? ?????? ????? ??? ?????? ?????? ????? ?????? ????!!!?? ?????!!?? ?? ??? ????? ?? ??? ???? ?? ??? ?????? ????!!??? ?????????? ??? ???????? ?? ????????? ?? ????? ???? ????? ??????!!??? ??? ?????? ??? ?????? ??????? ????? ????? ??? ??? ""???????? ?????? ?????"" ??? ?? ??????? ???? ????? ????? ?? ?????? ?????? ??????? ?????? ?????? ??? ??? ????????? ??? ???? ??????? ??? ?? ???? ??????? ?????? ?????? ????? ?????? ????????.
????? ?? ????????? ???? ???? ??? ???? ????? ????? ?? ???? ????? ???? ??? ??? ?????? ?????? ?????? ??? ?????? ?????? ????????? ???? ?????? ????? ?? ?????? ????????????? ??? ???? ???? ???? ??????? ????????? ???? ??? ??? ?????? ???????? ??????.
????? ?????? ?? ???? ???? ??? ???????? ???? ????? ?? ??????? ?? ??? ????????  ????? ??????
????? ????? ????? ???????? ????? ??  ???? ?????? ??????? ?????? ?????? ?? ????? ??????? ???? ??????? ???? ?????? ??????? ???????? ?? ??? ??????? ???? ???? ?????? ?? ???? ?? ????? ?? ???? ?? ???? ??? ???? ????? ?? ?????? ?????? ??? ?? ???? ??? ???? ???? ???????.

#?????_?????? #?????? #?????_?????? #???????? #?????? #???????_???????? #????_???? #?????_??????? #??????? #oncf #train #maroc #morocco #?????? #????????? #????? #???? #?????_??????_???_????? #????_?????_????? #cocktail_21";cocktail_21
1;17/10/2018 14:17;Hefe;https://scontent.cdninstagram.com/vp/980eabd44c2c50daabf53442a0d0948c/5C713B87/t51.2885-15/e35/s320x320/43736951_1382509641879869_2400735171229564347_n.jpg;0;6;https://www.instagram.com/p/BpCYtW_lEpk/;;0;0;oncf,déraillement,maroc;Perhaps he or she favored the way of the train to be able to browse his novels .. But the fate of the other novel ???? The image of the tragedy of yesterday God mercy and patience of her family #oncf #maroc #déraillement;image_magii
1;17/10/2018 14:16;Lark;https://scontent.cdninstagram.com/vp/d058384dff8552d19388575c15d898c8/5C81EE56/t51.2885-15/e35/s320x320/42731688_262046214514525_5976407788831723608_n.jpg;0;60;https://www.instagram.com/p/BpCYgLhg4ow/;;0;5;oncf;"???? ???? ?? ??? 
? ???? ?? ???? 
????????????
@groupe_oncf #oncf";army_cheb_youness_officiel
1;17/10/2018 14:05;Normal;https://scontent.cdninstagram.com/vp/6055de2d5f52f256163e9fedc99f4840/5C7FFC46/t51.2885-15/e35/s320x320/43721658_321175348672231_1937001590370680911_n.jpg;0;86;https://www.instagram.com/p/BpCXP3FHk_2/;;0;1;oncf_incapables,oncfincapables,oncfboycott,oncf_de_merde,boycottoncf,oncf,boycott,oncfeedback;"Suite à l'accident qu'a subit le train de Bouqnadel, je présente mes sincères condoléances aux familles des victimes ?? ! Et je vous invite chers marocains à boycotter les services du monopole du chemin de fer pendant une semaine au moins ! 
Défendons notre droit au bon service ! 
Partagez sur vos murs si vous êtes d'accord.
#oncf #oncf_de_merde #oncfeedback #oncf_incapables #oncfincapables #boycott #oncfboycott #boycottoncf";salma.benjbara
1;17/10/2018 13:55;Normal;https://scontent.cdninstagram.com/vp/51557719280c231fe3810571c49237f7/5C4B3E86/t51.2885-15/e35/p320x320/42473426_1551708401596336_3676424274486505313_n.jpg;31,6333;24;https://www.instagram.com/p/BpCWIbKgZaY/;Marrakech;-8;3;oncf,oncf_baraka,accidentoncf,rip,bouknadel,kénitra,salé,déraillement,rabat;"???? ??? ????? ????? ????????
Mes sincères condoléances aux familles des victimes de l'accident ferroviaire de Bouknadel. 
#RIP #Déraillement #ONCF #accidentONCF #Rabat #Salé #Bouknadel #Kénitra #oncf_baraka";tofi_tifa
1;16/10/2018 11:48;Normal;https://scontent.cdninstagram.com/vp/f7f9ddf9e8dc7a812e8e8ce687b435ea/5C531AC9/t51.2885-15/e35/s320x320/42866299_2144544348913836_3327971691389371363_n.jpg;0;11;https://www.instagram.com/p/Bo_i3qen0V-/;;0;0;????,??????,?????_??????,?????,oncfs,????,????????,?????,???????,?????????,rabat,?????,?????,?????,????,???????,??????,??????,????_???????,?????,oncf,kenitra;"#???? ? #????.. #?????? #???? ?????? ??? #?????? ? #???????? ?????? #?????????
????? ?? ???????? ? ??????? ????
www.almotajadid.com
www.facebook.com/almotajadid24
www.twitter.com/almotajadid24
#????? #????? #????? #????? #????_??????? #??????? #????? #?????_?????? #????????? #??????? #????? #?????? #kenitra #rabat#oncf #oncfs";almotajadid24
1;17/10/2018 13:49;Normal;https://scontent.cdninstagram.com/vp/a25e695780455c7faaf610f1ba2b2dfc/5C7E7854/t51.2885-15/e35/p320x320/43718970_1437262716407141_7939811420256025266_n.jpg;0;22;https://www.instagram.com/p/BpCVe4rFVx4/;;0;2;oncf,morocco????,rip;"??? ??? ? ??? ???? ?????? 
#morocco???? #RIP #ONCF";hkayne_lovers
1;17/10/2018 13:32;Normal;https://scontent.cdninstagram.com/vp/46424414e6ac672b355a77928a03ab3a/5C8896AC/t51.2885-15/e35/s320x320/43985173_358625858012872_5288497483139726319_n.jpg;0;44;https://www.instagram.com/p/BpCTf5Mn9bS/;;0;1;??????,??,??????,tropmimi,?????,????,??????,ihabamir,??,???,????,??????,??????,?????,??????,?????,?????,oncf,???,??????,???????,??????,???,????,???,??,??;".
?? ????? @reda_elbradi ?? ???? ??? ???? ?????? ??????? ????? ?????? ?????? ???? ???? ???? ????? ???? ??????? ??
#oncf
. .

Wining @afrimma ????
?Best Male Of North Africa ??
. .
. . ????? ??????? ?? ????????????
.
.
.
.
#ihabamir
#tropmimi
@ihabamirofficiell
???????? ?? link in bio ????
.
.
.
#?? #?? #?????? #????? #?? #?????? #?????? #??? #???? #????? #?????? #??? #??? #????? #???? #?????? #???? #?? #?????? #????? #????? #?????? #??? #?????? #???????";ilhamberradaa
1;17/10/2018 12:53;Clarendon;https://scontent.cdninstagram.com/vp/3cc4783b6430a9a24f2fa62c5f4ead72/5C4B600E/t51.2885-15/e35/s320x320/42648147_311696039422511_2226499647400547488_n.jpg;0;1505;https://www.instagram.com/p/BpCPAZ-ApW9/;;0;66;?????????,????_????,?????,?????_??????,???????,train,maroc,????_?????_?????,????,??????,morocco,??????,?????_??????,oncf,???????_????????,????????,?????_???????,?????_??????_???_?????,??????;"???? ???? ?? ??? ???? ???? ??? ????? ????? ?????? ???????.??? ???? ????? ????? ?????? ?????????.??
??????? ?? ?????? ????? ????? ???????? ?????? ????? ??????? ???? ?????? ?????? ?? ??????????? ????? ????? ???? ????????  ??? ?? ???? ?? ??? ???????? ????? ?? ?? ?????? ????????.
?? ???? ?? ????? ??? ??????? ?????  ??? ????? ?????? ?? ???? ??????? ??????? ????? ???? ????? ???? ??? ?????? ????? ??? ?????? ?????? ????? ?????? ????!!!?? ?????!!?? ?? ??? ????? ?? ??? ???? ?? ??? ?????? ????!!??? ?????????? ??? ???????? ?? ????????? ?? ????? ???? ????? ??????!!??? ??? ?????? ??? ?????? ??????? ????? ????? ??? ??? ""???????? ?????? ?????"" ??? ?? ??????? ???? ????? ????? ?? ?????? ?????? ??????? ?????? ?????? ??? ??? ????????? ??? ???? ??????? ??? ?? ???? ??????? ?????? ?????? ????? ?????? ????????.
????? ?? ????????? ???? ???? ??? ???? ????? ????? ?? ???? ????? ???? ??? ??? ?????? ?????? ?????? ??? ?????? ?????? ????????? ???? ?????? ????? ?? ?????? ????????????? ??? ???? ???? ???? ??????? ????????? ???? ??? ??? ?????? ???????? ??????.
????? ?????? ?? ???? ???? ??? ???????? ???? ????? ?? ??????? ?? ??? ????????  ????? ??????
????? ????? ????? ???????? ????? ??  ???? ?????? ??????? ?????? ?????? ?? ????? ??????? ???? ??????? ???? ?????? ??????? ???????? ?? ??? ??????? ???? ???? ?????? ?? ???? ?? ????? ?? ???? ?? ???? ??? ???? ????? ?? ?????? ?????? ??? ?? ???? ??? ???? ???? ???????.

#?????_?????? #?????? #?????_?????? #???????? #?????? #???????_???????? #????_???? #?????_??????? #??????? #oncf #train #maroc #morocco #?????? #????????? #????? #???? #?????_??????_???_????? #????_?????_?????";imane_hamdaoui
1;17/10/2018 12:17;Normal;https://scontent.cdninstagram.com/vp/c770ed1b267d32deb0497275e6fb5df9/5C6EDBAB/t51.2885-15/e35/s320x320/42642309_2221232877905281_3174022721018977873_n.jpg;0;90;https://www.instagram.com/p/BpCK5GfFt-g/;;0;5;oncf,terriblementmal;#oncf #terriblementmal;zoubidaakifofficiel
1;17/10/2018 10:19;Normal;https://scontent.cdninstagram.com/vp/3f6184af89c1273038b806c17de2a443/5C70BA4C/t51.2885-15/e35/s320x320/42702572_176334633249506_3623653875981649331_n.jpg;0;18;https://www.instagram.com/p/BpB9YvUn5F7/;;0;0;shameonyou,oncf;"First : All my condolences go to the victims'families Allah yrhemhum ya rebi wa ina lilah wa ina ilayhi  raji3oun. Allah ychafie who were injured . ??? ??? ? ??? ???? ??????
Lhamdoulilah ya rebi this train proved to us that the young people were in power and that the humanity is still alive . 
You claim that this generation has no respect or education?
Well ,Thank to the youth .?
#oncf#shameonyou.";idrissi_benyassine_salwa
1;17/10/2018 10:43;Normal;https://scontent.cdninstagram.com/vp/50fda5c7684d7dfd13f73faccfea1b64/5C4C36CC/t51.2885-15/e35/p320x320/43284096_101383314167375_1170864949033701814_n.jpg;22,59372606;12;https://www.instagram.com/p/BpCALNXBk7R/;Maroc;2,109375;0;????_???__????,???,maroc,oncf,??????,???_???;#Maroc #?????? #???  #???_??? #oncf  ???????? ?????? ????????? ?? ?????? ??????? ??? ???? ??????? ?????? ????? ????? ?????????? !!! ??????? ???? ???? ???? ????? ??? ???? ?????? ??????? ?????? ??? ?????? ???????? ??????? ??? ???????  #????_???__????  ?????? ????? ?????? ???????? ??? ???????? ???? ??? ??????;chamess_s
1;17/10/2018 10:31;Normal;https://scontent.cdninstagram.com/vp/a9a082e0bd57abdb4dcd9fb42aaddfcb/5BD5AC02/t51.2885-15/e35/s320x320/42663183_1914384648651210_8688231549545050261_n.jpg;0;11;https://www.instagram.com/p/BpB-p2DlMPD/;;0;0;oncf;?????? C'est vrai ?! @groupe_oncf  #oncf;achtary_officiel
1;17/10/2018 09:27;Clarendon;https://scontent.cdninstagram.com/vp/0f5862b89273a680009a79a19114c4f9/5C7CF68E/t51.2885-15/e35/s320x320/43913187_265795407343000_3192559832287794618_n.jpg;33,595538;34;https://www.instagram.com/p/BpB3er9lwCA/;Casablanca, Morocco;-7,61446;1;moroccan,morocco,oncf;#Morocco ???? ?? #Moroccan-people #oncf ...;hajar_fed
1;17/10/2018 09:18;Normal;https://scontent.cdninstagram.com/vp/59d75e4fc85efca79c0ea80456d42591/5C88D985/t51.2885-15/e35/p320x320/43100793_2150840591593620_1999076292533166614_n.jpg;0;29;https://www.instagram.com/p/BpB2eX4nKPC/;;0;2;jannatlovers,????_???????,bouknadel,jannat,jannatfans,train,???,??????,morocco,salé,???_???_????_????_??????,oncf,ultrasjannatmahid,jannatians,accidentes,prayformorocco,??????,rabat,instagram;"???????? ?????????????? Jannatians ???????? ????????????? ??????????? ? ??????????????????? ?????? ??????? ?????????????? ???????????? ???? ???????????????????? ""?????????????"" ??????? ????????? ??????? ????? ?? ?????????? ??????? ??????? ? ???????? ?????????? ? ??? ???? ? ??? ??????? ?????? ?? ??????????? ????????????? ? ????????????? ??????????????? ? ??????????????????? ? ???? ?????? ?? ?????????????????? .??????
#???_???_????_????_?????? #????_??????? #?????? #??? #??????
@jannat @jannatians_official
#prayformorocco
#jannat #jannatians #jannatfans #jannatlovers #ultrasjannatmahid #instagram #accidentes #train #oncf #bouknadel #rabat #salé #morocco";jannatians_official
1;17/10/2018 09:06;Clarendon;https://scontent.cdninstagram.com/vp/e353fbbdc3b9792f955cb9f5ea714abd/5C4D3808/t51.2885-15/e35/s320x320/41801086_2112859658980831_4976017869489882524_n.jpg;0;3;https://www.instagram.com/p/BpB1EfShRjp/;;0;0;??_???_????_????_??????,oncf;""" ???? ???????? ????? ??? ??????? ????? ????? ??? ??? ???? ???? ?????? "" ??
????? ????? ??????? ??????? ????? ???? ?????? ?????? ??? ?????? ????????? ??????? ?????? "" ??????? "" ?????? ?????? ?????? ????? ???????? ??
#??_???_????_????_?????? ?? #ONCF ??";outjr8
1;17/10/2018 08:47;Clarendon;https://scontent.cdninstagram.com/vp/58f1634219a2c6ce1a9cd4ac1c483c4a/5C68337A/t51.2885-15/e35/s320x320/42579295_1932298920197416_4214692042372527662_n.jpg;0;14;https://www.instagram.com/p/BpBy8w7lBgN/;;0;1;oncf,sponsorisé,morocco????,malheureusement,16;#malheureusement ?? #oncf ?? #16/10/2018 ?? #morocco???? ?????????? #sponsorisé;si_simo_dada
1;17/10/2018 08:32;Normal;https://scontent.cdninstagram.com/vp/989cf8ba1e50a03ac78246ef515c6d36/5C4C59C5/t51.2885-15/e35/s320x320/42875321_299928807264964_4303486466462825437_n.jpg;0;6;https://www.instagram.com/p/BpBxPQ1B8eG/;;0;5;???_???_????_????_??????,oncf;"A sad day 16/10 
#???_???_????_????_??????  #oncf";lalla.hasnaa
1;17/10/2018 07:12;Normal;https://scontent.cdninstagram.com/vp/9a977c721977b6e2219b610ce6cf6e34/5BD548C6/t51.2885-15/e35/s320x320/42699921_1844043562300218_4236783301743901789_n.jpg;0;38;https://www.instagram.com/p/BpBnoaklhx3/;;0;2;?????_????????,??????,déraillement,oncf,???????,??????,??????_????,????,bouknadel,???_?????,???;"????? ??? ????? ??????? ???? ??? ????????? ?? ???? ??? ?#??????? ??? 6 ???? ? 86  ????.
#???_?????
#?????_????????  #?????? ?#ONCf ?#Déraillement ?#??????_???? ?#Bouknadel ?#???????  #?????? #??? #????";baberkanecom
1;17/10/2018 06:54;Normal;https://scontent.cdninstagram.com/vp/54697c2c3dd52930749f979c5c45b5ba/5C872A67/t51.2885-15/e35/p320x320/42676979_617485215348179_4630960694828857275_n.jpg;0;14;https://www.instagram.com/p/BpBmAbMhxD8/;;0;2;???_????_??????_?????_????????,?????_????_?_????_??????,???_?????_????_????_??????,oncf;"#???_?????_????_????_??????  #???_????_??????_?????_????????  #oncf
#?????_????_?_????_??????";sara_habraoui
1;17/10/2018 06:54;Normal;https://scontent.cdninstagram.com/vp/5374fc3b703769ef28d41d09aaa8a648/5C4C9BA9/t51.2885-15/e35/p320x320/43718966_260588584799830_9147303307749977308_n.jpg;0;6;https://www.instagram.com/p/BpBl7W_hkuq/;;0;0;???_????_??????_?????_????????,?????_????_?_????_??????,???_?????_????_????_??????,oncf;"#???_?????_????_????_??????  #???_????_??????_?????_????????  #oncf
#?????_????_?_????_??????";sara_habraoui
1;17/10/2018 06:42;Normal;https://scontent.cdninstagram.com/vp/a0bb6d546bd3d0770f3c89656c0263ea/5C7D6E9E/t51.2885-15/e35/p320x320/43914142_1947518265285216_3898832783359216938_n.jpg;0;58;https://www.instagram.com/p/BpBklmwDmg8/;;0;0;agadir,hatimammor,ihabamir,oncf,????,salmarachid,noamanebeliachi,snapchat??,saadlamjarred1,zouhirbahaoui,2018,soulking,summer,morocco????,ibtissamtiskat,???_????_??????_?????_????????,amrdiab,halaturk,algerie,douzi,?????_????_?_????_??????,le_roi_mohamed_6,samirasaid,?????_??????,duniabtma,???_?????_????_????_??????,?????,mohamedramadan,dubai,asmaalamnawar;"#???_?????_????_????_??????  #???_????_??????_?????_????????  #oncf
#?????_????_?_????_?????? 
@the_moroccan_darck_sarcasm .
.
.
#saadlamjarred1 #summer #soulking #snapchat?? #samirasaid #salmarachid #douzi #duniabtma #dubai #amrdiab #agadir #asmaalamnawar #algerie #noamanebeliachi #zouhirbahaoui #ihabamir #ibtissamtiskat #halaturk #hatimammor #hatimammor #morocco???? #mohamedramadan #le_roi_mohamed_6 #?????_?????? #????? #???? #2018";the_moroccan_darck_sarcasm
